{
  "precison": 0.7665505226480837,
  "recall": 0.5601527689369828,
  "f1": 0.6472968002942259,
  "roc_auc": 0.7529618559375323
}