{
  "precison": 0.7681779298545766,
  "recall": 0.5727040816326531,
  "f1": 0.6561929119473877,
  "roc_auc": 0.7589506252450424
}